{"cameraMode":{"drawMode":0,"name":"Shaded","section":"Shading Mode"},"sceneLighting":true,"audioPlay":false,"sceneViewState":{"showFog":true,"showMaterialUpdate":false,"showSkybox":true,"showFlares":true,"showImageEffects":true,"showParticleSystems":true},"in2DMode":false,"pivot":{"x":53.13428497314453,"y":16.226316452026368,"z":11.7921142578125},"rotation":{"x":0.08209662139415741,"y":0.006889232434332371,"z":0.0005626633646897972,"w":-0.9966095685958862},"size":46.6734733581543,"orthographic":false}