{"cameraMode":{"drawMode":0,"name":"Shaded","section":"Shading Mode"},"sceneLighting":false,"audioPlay":false,"sceneViewState":{"showFog":true,"showMaterialUpdate":false,"showSkybox":false,"showFlares":true,"showImageEffects":true,"showParticleSystems":true},"in2DMode":false,"pivot":{"x":44.7950325012207,"y":22.7008113861084,"z":-24.682844161987306},"rotation":{"x":0.004793410189449787,"y":0.9939773678779602,"z":-0.09903434664011002,"w":0.04747825115919113},"size":0.5806792378425598,"orthographic":false}