{"cameraMode":{"drawMode":0,"name":"Shaded","section":"Shading Mode"},"sceneLighting":false,"audioPlay":false,"sceneViewState":{"showFog":true,"showMaterialUpdate":false,"showSkybox":false,"showFlares":true,"showImageEffects":true,"showParticleSystems":true},"in2DMode":false,"pivot":{"x":-13.34417724609375,"y":47.740230560302737,"z":1.438468098640442},"rotation":{"x":-0.05299627035856247,"y":0.8444082736968994,"z":-0.08556320518255234,"w":-0.5263022184371948},"size":2.162684202194214,"orthographic":false}