{"cameraMode":{"drawMode":0,"name":"Shaded","section":"Shading Mode"},"sceneLighting":false,"audioPlay":false,"sceneViewState":{"showFog":true,"showMaterialUpdate":false,"showSkybox":false,"showFlares":true,"showImageEffects":true,"showParticleSystems":true},"in2DMode":false,"pivot":{"x":-20.08153533935547,"y":37.337059020996097,"z":-45.291603088378909},"rotation":{"x":0.0391995944082737,"y":-0.9536826610565186,"z":0.14453327655792237,"w":0.26116570830345156},"size":34.68674087524414,"orthographic":false}