{"cameraMode":{"drawMode":0,"name":"Shaded","section":"Shading Mode"},"sceneLighting":false,"audioPlay":false,"sceneViewState":{"showFog":true,"showMaterialUpdate":false,"showSkybox":false,"showFlares":true,"showImageEffects":true,"showParticleSystems":true},"in2DMode":false,"pivot":{"x":-13.742295265197754,"y":61.117733001708987,"z":9.093379974365235},"rotation":{"x":-0.06182068958878517,"y":-0.6253780722618103,"z":-0.0493694506585598,"w":0.7763926386833191},"size":61.64413833618164,"orthographic":false}